-- --------------------------------------------------------
-- Host:                         localhost
-- Server versie:                5.7.24 - MySQL Community Server (GPL)
-- Server OS:                    Win64
-- HeidiSQL Versie:              9.5.0.5332
-- --------------------------------------------------------

/*!40101 SET @OLD_CHARACTER_SET_CLIENT=@@CHARACTER_SET_CLIENT */;
/*!40101 SET NAMES utf8 */;
/*!50503 SET NAMES utf8mb4 */;
/*!40014 SET @OLD_FOREIGN_KEY_CHECKS=@@FOREIGN_KEY_CHECKS, FOREIGN_KEY_CHECKS=0 */;
/*!40101 SET @OLD_SQL_MODE=@@SQL_MODE, SQL_MODE='NO_AUTO_VALUE_ON_ZERO' */;

-- Dumpen data van tabel webshop.orders: ~9 rows (ongeveer)
/*!40000 ALTER TABLE `orders` DISABLE KEYS */;
INSERT INTO `orders` (`id`, `amount`, `payment_status`, `mollie_id`, `user_id`, `created_at`, `updated_at`) VALUES
	(1, 8684.00, 'open', NULL, 5, '2018-06-29 10:36:21', '2018-06-29 10:36:21'),
	(2, 8684.00, 'open', NULL, 6, '2018-06-29 10:39:45', '2018-06-29 10:39:45'),
	(3, 8684.00, 'open', NULL, 7, '2018-06-29 10:42:06', '2018-06-29 10:42:06'),
	(4, 8684.00, 'open', NULL, 8, '2018-06-29 11:08:48', '2018-06-29 11:08:48'),
	(5, 8684.00, 'open', NULL, 9, '2018-06-29 11:09:07', '2018-06-29 11:09:07'),
	(6, 8684.00, 'open', NULL, 10, '2018-06-29 11:09:43', '2018-06-29 11:09:43'),
	(7, 8684.00, 'open', NULL, 11, '2018-06-29 11:11:59', '2018-06-29 11:11:59'),
	(8, 2933.00, 'open', NULL, 12, '2020-01-27 15:00:40', '2020-01-27 15:00:40'),
	(9, 3712.40, 'open', NULL, 13, '2020-01-27 15:42:23', '2020-01-27 15:42:23');
/*!40000 ALTER TABLE `orders` ENABLE KEYS */;

-- Dumpen data van tabel webshop.orders_products: ~17 rows (ongeveer)
/*!40000 ALTER TABLE `orders_products` DISABLE KEYS */;
INSERT INTO `orders_products` (`id`, `order_id`, `product_id`, `price`, `quantity`, `created_at`, `updated_at`) VALUES
	(1, 1, 2, 419.00, 10, '2018-06-29 10:36:21', '2018-06-29 10:36:21'),
	(2, 1, 1, 749.00, 6, '2018-06-29 10:36:21', '2018-06-29 10:36:21'),
	(3, 2, 2, 419.00, 10, '2018-06-29 10:39:45', '2018-06-29 10:39:45'),
	(4, 2, 1, 749.00, 6, '2018-06-29 10:39:45', '2018-06-29 10:39:45'),
	(5, 3, 2, 419.00, 10, '2018-06-29 10:42:06', '2018-06-29 10:42:06'),
	(6, 3, 1, 749.00, 6, '2018-06-29 10:42:06', '2018-06-29 10:42:06'),
	(7, 4, 2, 419.00, 10, '2018-06-29 11:08:48', '2018-06-29 11:08:48'),
	(8, 4, 1, 749.00, 6, '2018-06-29 11:08:48', '2018-06-29 11:08:48'),
	(9, 5, 2, 419.00, 10, '2018-06-29 11:09:07', '2018-06-29 11:09:07'),
	(10, 5, 1, 749.00, 6, '2018-06-29 11:09:07', '2018-06-29 11:09:07'),
	(11, 6, 2, 419.00, 10, '2018-06-29 11:09:43', '2018-06-29 11:09:43'),
	(12, 6, 1, 749.00, 6, '2018-06-29 11:09:43', '2018-06-29 11:09:43'),
	(13, 7, 2, 419.00, 10, '2018-06-29 11:11:59', '2018-06-29 11:11:59'),
	(14, 7, 1, 749.00, 6, '2018-06-29 11:11:59', '2018-06-29 11:11:59'),
	(15, 8, 2, 419.00, 7, '2020-01-27 15:00:40', '2020-01-27 15:00:40'),
	(16, 9, 2, 419.00, 7, '2020-01-27 15:42:23', '2020-01-27 15:42:23'),
	(17, 9, 8, 64.95, 12, '2020-01-27 15:42:23', '2020-01-27 15:42:23');
/*!40000 ALTER TABLE `orders_products` ENABLE KEYS */;

-- Dumpen data van tabel webshop.products: ~8 rows (ongeveer)
/*!40000 ALTER TABLE `products` DISABLE KEYS */;
INSERT INTO `products` (`id`, `slug`, `title`, `category`, `short_desc`, `description`, `price`, `image`, `seo_title`, `seo_description`, `created_at`, `updated_at`) VALUES
	(1, 'evga1080ti', 'EVGA GTX 1080 TI FTW Edition', 'videokaarten', 'top tier nvidia videokaart', '<p>Lorem ipsum dolor sit amet, consectetuer adipiscing elit. Aenean commodo ligula eget dolor. Aenean massa. Cum sociis natoque penatibus et magnis dis parturient montes, nascetur ridiculus mus. Donec quam felis, ultricies nec, pellentesque eu, pretium quis, sem. Nulla consequat massa quis enim. Donec pede justo, fringilla vel, aliquet nec, vulputate eget, arcu. In enim justo, rhoncus ut, imperdiet a, venenatis vitae, justo. Nullam dictum felis eu pede mollis pretium. Integer tincidunt. Cras dapibus. Vivamus elementum semper nisi. Aenean vulputate eleifend tellus. Aenean leo ligula, porttitor eu, consequat vitae, eleifend ac, enim. Aliquam lorem ante, dapibus in, viverra quis, feugiat a, tellus. Phasellus viverra nulla ut metus varius laoreet. Quisque rutrum. Aenean imperdiet. Etiam ultricies nisi vel augue. Curabitur ullamcorper ultricies nisi. Nam eget dui.</p>\n<p>Etiam rhoncus. Maecenas tempus, tellus eget condimentum rhoncus, sem quam semper libero, sit amet adipiscing sem neque sed ipsum. Nam quam nunc, blandit vel, luctus pulvinar, hendrerit id, lorem. Maecenas nec odio et ante tincidunt tempus. Donec vitae sapien ut libero venenatis faucibus. Nullam quis ante. Etiam sit amet orci eget eros faucibus tincidunt. Duis leo. Sed fringilla mauris sit amet nibh. Donec sodales sagittis magna. Sed consequat, leo eget bibendum sodales, augue velit cursus nunc, quis gravida magna mi a libero. Fusce vulputate eleifend sapien. Vestibulum purus quam, scelerisque ut, mollis sed, nonummy id, metus. Nullam accumsan lorem in dui. Cras ultricies mi eu turpis hendrerit fringilla. Vestibulum ante ipsum primis in faucibus orci luctus et ultrices posuere cubilia Curae; In ac dui quis mi consectetuer lacinia.</p>', 749.00, '1080tiftw.jpeg', 'evga1080ti', 'evga1080ti', '2018-05-13 19:20:05', '2018-05-13 19:20:05'),
	(2, 'rx580', 'MSI Radeon RX 580', 'videokaarten', 'top tier amd videokaart', '<p>Lorem ipsum dolor sit amet, consectetuer adipiscing elit. Aenean commodo ligula eget dolor. Aenean massa. Cum sociis natoque penatibus et magnis dis parturient montes, nascetur ridiculus mus. Donec quam felis, ultricies nec, pellentesque eu, pretium quis, sem. Nulla consequat massa quis enim. Donec pede justo, fringilla vel, aliquet nec, vulputate eget, arcu. In enim justo, rhoncus ut, imperdiet a, venenatis vitae, justo. Nullam dictum felis eu pede mollis pretium. Integer tincidunt. Cras dapibus. Vivamus elementum semper nisi. Aenean vulputate eleifend tellus. Aenean leo ligula, porttitor eu, consequat vitae, eleifend ac, enim. Aliquam lorem ante, dapibus in, viverra quis, feugiat a, tellus. Phasellus viverra nulla ut metus varius laoreet. Quisque rutrum. Aenean imperdiet. Etiam ultricies nisi vel augue. Curabitur ullamcorper ultricies nisi. Nam eget dui.</p>\n<p>Etiam rhoncus. Maecenas tempus, tellus eget condimentum rhoncus, sem quam semper libero, sit amet adipiscing sem neque sed ipsum. Nam quam nunc, blandit vel, luctus pulvinar, hendrerit id, lorem. Maecenas nec odio et ante tincidunt tempus. Donec vitae sapien ut libero venenatis faucibus. Nullam quis ante. Etiam sit amet orci eget eros faucibus tincidunt. Duis leo. Sed fringilla mauris sit amet nibh. Donec sodales sagittis magna. Sed consequat, leo eget bibendum sodales, augue velit cursus nunc, quis gravida magna mi a libero. Fusce vulputate eleifend sapien. Vestibulum purus quam, scelerisque ut, mollis sed, nonummy id, metus. Nullam accumsan lorem in dui. Cras ultricies mi eu turpis hendrerit fringilla. Vestibulum ante ipsum primis in faucibus orci luctus et ultrices posuere cubilia Curae; In ac dui quis mi consectetuer lacinia.</p>', 419.00, 'rx580.jpg', 'rx580', 'rx580', '2018-05-13 19:21:48', '2018-05-24 11:10:00'),
	(3, 'ryzen7', 'AMD Ryzen 7 2700x', 'cpu', 'top tier AMD CPU', '<p>Lorem ipsum dolor sit amet, consectetuer adipiscing elit. Aenean commodo ligula eget dolor. Aenean massa. Cum sociis natoque penatibus et magnis dis parturient montes, nascetur ridiculus mus. Donec quam felis, ultricies nec, pellentesque eu, pretium quis, sem. Nulla consequat massa quis enim. Donec pede justo, fringilla vel, aliquet nec, vulputate eget, arcu. In enim justo, rhoncus ut, imperdiet a, venenatis vitae, justo. Nullam dictum felis eu pede mollis pretium. Integer tincidunt. Cras dapibus. Vivamus elementum semper nisi. Aenean vulputate eleifend tellus. Aenean leo ligula, porttitor eu, consequat vitae, eleifend ac, enim. Aliquam lorem ante, dapibus in, viverra quis, feugiat a, tellus. Phasellus viverra nulla ut metus varius laoreet. Quisque rutrum. Aenean imperdiet. Etiam ultricies nisi vel augue. Curabitur ullamcorper ultricies nisi. Nam eget dui.</p>\n<p>Etiam rhoncus. Maecenas tempus, tellus eget condimentum rhoncus, sem quam semper libero, sit amet adipiscing sem neque sed ipsum. Nam quam nunc, blandit vel, luctus pulvinar, hendrerit id, lorem. Maecenas nec odio et ante tincidunt tempus. Donec vitae sapien ut libero venenatis faucibus. Nullam quis ante. Etiam sit amet orci eget eros faucibus tincidunt. Duis leo. Sed fringilla mauris sit amet nibh. Donec sodales sagittis magna. Sed consequat, leo eget bibendum sodales, augue velit cursus nunc, quis gravida magna mi a libero. Fusce vulputate eleifend sapien. Vestibulum purus quam, scelerisque ut, mollis sed, nonummy id, metus. Nullam accumsan lorem in dui. Cras ultricies mi eu turpis hendrerit fringilla. Vestibulum ante ipsum primis in faucibus orci luctus et ultrices posuere cubilia Curae; In ac dui quis mi consectetuer lacinia.</p>', 319.95, 'ryzen.png', 'ryzen7', 'ryzen7', '2018-05-13 19:21:48', '2018-05-13 19:21:48'),
	(4, 'corei7', 'Intel Core I7 8700k', 'cpu', 'top tier Intel CPU', 'Lorem ipsum dolor sit amet, consectetuer adipiscing elit. Aenean commodo ligula eget dolor. Aenean massa. Cum sociis natoque penatibus et magnis dis parturient montes, nascetur ridiculus mus. Donec quam felis, ultricies nec, pellentesque eu, pretium quis, sem. Nulla consequat massa quis enim. Donec pede justo, fringilla vel, aliquet nec, vulputate eget, arcu. In enim justo, rhoncus ut, imperdiet a, venenatis vitae, justo. Nullam dictum felis eu pede mollis pretium. Integer tincidunt. Cras dapibus. Vivamus elementum semper nisi. Aenean vulputate eleifend tellus. Aenean leo ligula, porttitor eu, consequat vitae, eleifend ac, enim. Aliquam lorem ante, dapibus in, viverra quis, feugiat a, tellus. Phasellus viverra nulla ut metus varius laoreet. Quisque rutrum. Aenean imperdiet. Etiam ultricies nisi vel augue. Curabitur ullamcorper ultricies nisi. Nam eget dui.', 369.99, 'corei7.jpeg', 'coeri7', 'corei7', '2018-05-13 19:21:48', '2018-05-24 11:10:00'),
	(5, 'ASUS-PRIME-Z370-A', 'ASUS PRIME Z370-A', 'mobo', 'Asus moederbord met LGA-1151 socket', 'Lorem ipsum dolor sit amet, consectetuer adipiscing elit. Aenean commodo ligula eget dolor. Aenean massa. Cum sociis natoque penatibus et magnis dis parturient montes, nascetur ridiculus mus. Donec quam felis, ultricies nec, pellentesque eu, pretium quis, sem. Nulla consequat massa quis enim. Donec pede justo, fringilla vel, aliquet nec, vulputate eget, arcu. In enim justo, rhoncus ut, imperdiet a, venenatis vitae, justo. Nullam dictum felis eu pede mollis pretium. Integer tincidunt. Cras dapibus. Vivamus elementum semper nisi. Aenean vulputate eleifend tellus. Aenean leo ligula, porttitor eu, consequat vitae, eleifend ac, enim. Aliquam lorem ante, dapibus in, viverra quis, feugiat a, tellus. Phasellus viverra nulla ut metus varius laoreet. Quisque rutrum. Aenean imperdiet. Etiam ultricies nisi vel augue. Curabitur ullamcorper ultricies nisi. Nam eget dui.', 168.00, 'z370.jpg', 'ASUS-PRIME-Z370-A', 'ASUS-PRIME-Z370-A', NULL, NULL),
	(6, 'ASUS-PRIME-X370-PRO', 'ASUS PRIME X370-PRO', 'mobo', 'Asus moederbord met AM4 socket', 'Lorem ipsum dolor sit amet, consectetuer adipiscing elit. Aenean commodo ligula eget dolor. Aenean massa. Cum sociis natoque penatibus et magnis dis parturient montes, nascetur ridiculus mus. Donec quam felis, ultricies nec, pellentesque eu, pretium quis, sem. Nulla consequat massa quis enim. Donec pede justo, fringilla vel, aliquet nec, vulputate eget, arcu. In enim justo, rhoncus ut, imperdiet a, venenatis vitae, justo. Nullam dictum felis eu pede mollis pretium. Integer tincidunt. Cras dapibus. Vivamus elementum semper nisi. Aenean vulputate eleifend tellus. Aenean leo ligula, porttitor eu, consequat vitae, eleifend ac, enim. Aliquam lorem ante, dapibus in, viverra quis, feugiat a, tellus. Phasellus viverra nulla ut metus varius laoreet. Quisque rutrum. Aenean imperdiet. Etiam ultricies nisi vel augue. Curabitur ullamcorper ultricies nisi. Nam eget dui.', 135.00, 'x370.png', 'ASUS-PRIME-X370-PRO', 'ASUS-PRIME-X370-PRO', NULL, NULL),
	(7, 'Corsair-Graphite-780T', 'Corsair Graphite 780T', 'case', 'mooie corsair case in het zwart', 'Lorem ipsum dolor sit amet, consectetuer adipiscing elit. Aenean commodo ligula eget dolor. Aenean massa. Cum sociis natoque penatibus et magnis dis parturient montes, nascetur ridiculus mus. Donec quam felis, ultricies nec, pellentesque eu, pretium quis, sem. Nulla consequat massa quis enim. Donec pede justo, fringilla vel, aliquet nec, vulputate eget, arcu. In enim justo, rhoncus ut, imperdiet a, venenatis vitae, justo. Nullam dictum felis eu pede mollis pretium. Integer tincidunt. Cras dapibus. Vivamus elementum semper nisi. Aenean vulputate eleifend tellus. Aenean leo ligula, porttitor eu, consequat vitae, eleifend ac, enim. Aliquam lorem ante, dapibus in, viverra quis, feugiat a, tellus. Phasellus viverra nulla ut metus varius laoreet. Quisque rutrum. Aenean imperdiet. Etiam ultricies nisi vel augue. Curabitur ullamcorper ultricies nisi. Nam eget dui.', 176.90, '780t.jpg', 'Corsair-Graphite-780T', 'Corsair-Graphite-780T', NULL, NULL),
	(8, 'NZXT-S340', 'NZXT S340', 'case', 'zwarte NZXT case', 'Lorem ipsum dolor sit amet, consectetuer adipiscing elit. Aenean commodo ligula eget dolor. Aenean massa. Cum sociis natoque penatibus et magnis dis parturient montes, nascetur ridiculus mus. Donec quam felis, ultricies nec, pellentesque eu, pretium quis, sem. Nulla consequat massa quis enim. Donec pede justo, fringilla vel, aliquet nec, vulputate eget, arcu. In enim justo, rhoncus ut, imperdiet a, venenatis vitae, justo. Nullam dictum felis eu pede mollis pretium. Integer tincidunt. Cras dapibus. Vivamus elementum semper nisi. Aenean vulputate eleifend tellus. Aenean leo ligula, porttitor eu, consequat vitae, eleifend ac, enim. Aliquam lorem ante, dapibus in, viverra quis, feugiat a, tellus. Phasellus viverra nulla ut metus varius laoreet. Quisque rutrum. Aenean imperdiet. Etiam ultricies nisi vel augue. Curabitur ullamcorper ultricies nisi. Nam eget dui.', 64.95, 's340.jpg', 'NZXT-S340', 'NZXT-S340', NULL, NULL);
/*!40000 ALTER TABLE `products` ENABLE KEYS */;

-- Dumpen data van tabel webshop.users: ~9 rows (ongeveer)
/*!40000 ALTER TABLE `users` DISABLE KEYS */;
INSERT INTO `users` (`id`, `email`, `password`, `remember_token`, `first_name`, `suffix_name`, `last_name`, `country`, `city`, `street`, `street_number`, `street_suffix`, `zipcode`, `active`, `created_at`, `updated_at`) VALUES
	(5, '2059060@talnet.nl', '$2y$10$ChgAvYEiCxgUbaOZGp9r2O5bmCdwdwah7E4WUoBsJl75r2R0qO2Oe', '', 'Fabian', '', 'Van Eeken', 'Netherlands', 'Almere', 'Paulus Potterstraat', '37', '', '1318 PP', 0, '2018-06-29 10:36:21', '2018-06-29 10:36:21'),
	(6, '2059060@talnet.nl', '$2y$10$Y2DEK1uGYFmC3clp5OcgQeWsxyG4MAa/0BPF2o6MN/S994XBRH56q', '', 'Fabian', '', 'Van Eeken', 'Netherlands', 'Almere', 'Paulus Potterstraat', '37', '', '1318 PP', 0, '2018-06-29 10:39:45', '2018-06-29 10:39:45'),
	(7, '2059060@talnet.nl', '$2y$10$KXSyPSwXwOF10ROr5Q3B7eNhnERnFOozV6X5PexzYaFqZUMrvj/EW', '', 'Fabian', '', 'Van Eeken', 'Netherlands', 'Almere', 'Paulus Potterstraat', '37', '', '1318 PP', 0, '2018-06-29 10:42:06', '2018-06-29 10:42:06'),
	(8, '2059060@talnet.nl', '$2y$10$vC1TZ6u5ucWCmWGlMVS/3ekUF/ZS6wKjZ6wTCDf6JHQ9Nvb2D7.mS', '', 'Fabian', '', 'Van Eeken', 'Netherlands', 'Almere', 'Paulus Potterstraat', '37', '', '1318 PP', 0, '2018-06-29 11:08:48', '2018-06-29 11:08:48'),
	(9, '2059060@talnet.nl', '$2y$10$xpkjOg98NxjcsWHzm11j8OASozDbgGf6iJGRoj0tQCNs31QdV5ymW', '', 'Fabian', '', 'Van Eeken', 'Netherlands', 'Almere', 'Paulus Potterstraat', '37', '', '1318 PP', 0, '2018-06-29 11:09:07', '2018-06-29 11:09:07'),
	(10, '2059060@talnet.nl', '$2y$10$vfnRd3sk2ywWRXteBzbhTe3RpaQ5h9fG.sH61B6/YXYWfXy1qoEN2', '', 'Fabian', '', 'Van Eeken', 'Netherlands', 'Almere', 'Paulus Potterstraat', '37', '', '1318 PP', 0, '2018-06-29 11:09:43', '2018-06-29 11:09:43'),
	(11, 'fabianvaneeken@gmail.com', '$2y$10$e9fsy3KnoCTzziuWPwJWsO.tXHWv6cBjbfgzFx34XbDIzvsaQE8Ki', '', 'Fabian', '', 'Van eeken', 'Afghanistan', 'Almere', 'Paulus potterstraat', '45', 'uyfgh', '1318 PP', 0, '2018-06-29 11:11:59', '2018-06-29 11:11:59'),
	(12, '2059060@talnet.nl', '$2y$10$nwl3MbH.oLCnFEUqC1BAM.8QIi6yKtOiuIxtsNuvmSouSFwRcSoR2', '', 'Fabian', 'van', 'Eeken', 'Afghanistan', 'Almere', 'Randomweg', '21', '', '1234 AB', 0, '2020-01-27 15:00:40', '2020-01-27 15:00:40'),
	(13, '2059060@talnet.nl', '$2y$10$Vwpg8eqfo0Uj8uD4AXl.8.RAcBzNIe8X8rkB6h1KdjWytWJAIK.ea', '', 'Fabian', 'van', 'Eeken', 'Afghanistan', 'Almere', 'Randomweg', '23', '', '1234 AB', 0, '2020-01-27 15:42:23', '2020-01-27 15:42:23');
/*!40000 ALTER TABLE `users` ENABLE KEYS */;

/*!40101 SET SQL_MODE=IFNULL(@OLD_SQL_MODE, '') */;
/*!40014 SET FOREIGN_KEY_CHECKS=IF(@OLD_FOREIGN_KEY_CHECKS IS NULL, 1, @OLD_FOREIGN_KEY_CHECKS) */;
/*!40101 SET CHARACTER_SET_CLIENT=@OLD_CHARACTER_SET_CLIENT */;
